case_id	peptide_name	core_aa	core_group	peptidase_accession	loci_total	loci_with_match_A	case_ambiguous
lab_0001	Triculamin (alboverticillin)	SKKSKPGDGIRGKGVRG	core_7a5bc0c7d9	QSY49196	1	0	False
lab_0004	Rp-71955 (siamycin III, aborycin)	CLGIGSCNDFAGCGYAVVCFW	core_fdc1ca0eac	WP_037640859	12	0	False
lab_0009	Siamycin I (MS-271) (NP-06)	CLGVGSCNDFAGCGYAIVCFW	core_ec9dd4826a	WP_043447676	5	0	False
lab_0010	Siamycin II	CLGIGSCNDFAGCGYAIVCFW	core_b24310b8fe	WP_043447676	5	0	False
lab_0015	Capistruin	GTPGFQTPDARVISRFGFN	core_4550de8771	AHI79402	1	0	False
lab_0016	Sro15-2005	GYFVGSYKEYWSRRII	core_f938ac316c	WP_010071618	5	0	False
lab_0017	Sviceucin (SSV-2083)	CVWGGDCTDFLGCGTAWICV	core_4b9a687f24	WP_007385815	3	0	False
lab_0018	Astexin-1	GLSQGVEPDIGQTYFEESRINQD	core_db5ebc5eb9	WP_013479713	1	0	False
lab_0019	Astexin-2	GLTQIQALDSVSGQFRDQLGLSAD	core_9a37b1085e	WP_049781719	1	0	False
lab_0020	Astexin-3	GPTPMVGLDSVSGQYWDQHAPLAD	core_5853349d76	WP_049781719	1	0	False
lab_0021	Burhizin	GGAGQYKEVEAGRWSDRIDSDDE	core_a200ddc43b	CBW74825	1	0	False
lab_0025	Caulosegnin I	GAFVGQPEAVNPLGREIQG	core_0bb2a95525	WP_013079672	2	0	False
lab_0026	Caulosegnin II	GTLTPGLPEDFLPGHYMPG	core_b58b26a551	WP_013079672	2	0	False
lab_0027	Caulosegnin III	GALVGLLLEDITVARYDPM	core_4e12df58e7	WP_013079672	2	0	False
lab_0028	Rhodanodin	GVLPIGNEFMGHAATPGITE	core_0ceca6b807	WP_008437215	1	0	False
lab_0029	Rubrivinodin	GAPSLINSEDNPAFPQRV	core_c77ed0b6f4	WP_014426919	1	0	False
lab_0030	Sphingonodin I	GPGGITGDVGLGENNFGLSDD	core_53b7f53def	BAI97836	1	0	False
lab_0031	Sphingonodin II	GMGSGSTDQNGQPKNLIGGISDD	core_f0a2897045	BAI99048	1	0	False
lab_0032	Sphingopyxin I	GIEPLGPVDEDQGEHYLFAGGITADD	core_1221a88e0d	ABF54241	1	0	False
lab_0033	Sphingopyxin II	GEALIDQDVGGGRQQFLTGIAQD	core_37a41d5eb1	ABF54309	1	0	False
lab_0034	Syanodin I	GISGGTVDAPAGQGLAGILDD	core_730b29862f	WP_010335837	1	0	False
lab_0035	Zucinodin	GGIGGDFEDLNKPFDV	core_f9769217a8	ACG78808	1	0	False
lab_0041	Xanthomonin I	GGPLAGEEIGGFNVPGISEE	core_348a8a07be	APP86192	1	0	False
lab_0042	Xanthomonin II	GGPLAGEEMGGITTLGISQD	core_3c7b489fb5	APP86192	1	0	False
lab_0043	Xanthomonin III	GGAGAGEVNGMSPIAGISEE	core_b9e99058bd	WP_003487129	2	0	False
lab_0046	Chaxapeptin	GFGSKPLDSFGLNFF	core_b5fd749c64	ALT06555	1	0	False
lab_0047	Streptomonomicin	SLGSSPYNDILGYPALIVIYP	core_313d83b2ec	WP_040271203	1	0	False
lab_0048	Sphaericin	GLPIGWWIERPSGWYFPI	core_5d3eec3159	GAT69131	1	0	False
lab_0049	Achromosin	GIGSQTWDTIWLWD	core_b8ece69c14	WP_037654156	4	0	False
lab_0050	Actinokineosin	GYPFWDNRDIFGGYTFIG	core_c5a7a226ce	EWC60869	1	0	False
lab_0051	Paeninodin	AGPGTSTPDAFQPDPDEDVHYDS	core_12c3707a6c	EHQ60563	1	0	False
lab_0052	Acinetodin	GGKGPIFETWVTEGNYYG	core_050c0246aa	EPF88080	1	0	False
lab_0053	Anantin B	GFIGWGNDIFGHYSGGF	core_ac83a85627	WP_031104469	2	0	False
lab_0054	Benenodin-1	GVGFGRPDSILTQEQAKPMGLDRD	core_26c3b82883	WP_018082339	2	0	False
lab_0055	Citrulassin A	LLGLAGNDRLVLSKN	core_fbeee6538a	WP_064068688	3	0	False
lab_0056	Klebsidin	GSDGPIIEFFNPNGVMHYG	core_9cc4df377f	WP_023288230	114	0	False
lab_0057	Lagmysin	LAGQGSPDLLGGHSLL	core_4422bec207	WP_031079704	1	0	False
lab_0058	Lp2006	GRPNWGFENDWSCVRVC	core_1e48df89d9	WP_026124932	12	0	False
lab_0059	Moomysin	SYHWGDYHDWHHGWYGWWDD	core_8edc2f91a2	WP_014140854	3	0	False
lab_0061	Subterisin	GPPGDRIEFGVLAQLPGLDRD	core_2cebe33b8b	KHS45260	1	0	False
lab_0063	9810-lp	GYFVGSYKEYWTRRIV	core_ff24d1e32b	WP_030588169	3	0	False
lab_0064	Albusnodin	GQGGGQSEDKRRAYNC	core_455ca7c878	AJE82648	1	0	False
lab_0065	Brevunsin	DGMGEEFIEGLVRDSLYPPAG	core_60acb5e64e	EGF94506	1	0	False
lab_0066	Fusilassin (fuscanodin)	WYTAEWGLELIFVFPRFI	core_cb6fe36faf	WP_011291590	8	0	False
lab_0067	Snou-LP	YFGLTGYENLFHFYDKLH	core_e0584973c0	WP_073449291	2	0	False
lab_0068	Specialicin	CLGVGSCVDFAGCGYAVVCFW	core_c7c98d71bf	WP_059005882	1	0	False
lab_0070	Canucin A	GVGFPLADFFIHFD	core_338a21c5dd	KUN61408	2	0	False
lab_0071	Canucin B	GVGFPLADFFIHFD	core_338a21c5dd	KUN61408	2	0	False
lab_0072	Citrocin	GGVGKIIEYFIGGGVGRYG	core_46c41d67f7	WP_052463779	3	0	False
lab_0073	Deepstreptin	LAGGTAKDLLGGHQLI	core_e886078a94	WP_067228662	1	0	False
lab_0074	Leepeptin	LYGVRNDEEINWHFDYWT	core_c09113e945	CQR60042	1	0	False
lab_0075	Pandonodin	GVLGNDAEGITLLPLCFKPICIPTLPPLTGGHA	core_6e53c2183b	WP_058377878	1	0	False
lab_0076	Pseudomycoidin	AGPGKRLVDQVFEDEDEQGALHHS	core_a168006a95	EHQ60563	1	0	False
lab_0077	Ubonodin	GGDGSIAEYFNRPMHIHDWQIMDSGYYG	core_c21d0b04cf	KVR35742	1	0	False
lab_0078	Felipeptin A1	GSRGWGFEPGVRCLIWCD	core_c262dfa9fe	QFU91022	1	0	False
lab_0079	Felipeptin A2	GGGGRGYEYNKQCLIFC	core_cc0ec2e9af	QFU91022	1	0	False
lab_0081	Koreensin	GPKGDFPDVGDGRILAGLTDE	core_fea6f9416a	WP_157926355	7	0	False
lab_0082	Mycetohabin-15	GGSGQYREAGVGRFL	core_431bb0424a	CBW73570	1	0	False
lab_0083	Mycetohabin-16	GGSGKYKEAGVGRFLD	core_0f0209666f	CBW73570	1	0	False
lab_0084	Arcumycin	CLPSGDCPDFLGCGRAIWCI	core_960391902b	WP_030409713	1	0	False
lab_0085	Cellulassin (cellulonodin-1)	WIQGKWGLEIYLIFPRYL	core_f910dc98cf	WP_068757172	1	0	False
lab_0086	Cellulonodin-2	GAADDDTADMNTAKYY	core_35b374fb46	WP_157080172	1	0	False
lab_0087	Cochonodin I	GLVAGSFRDIFGGRALFLIRI	core_232db3024d	WP_044677312	2	0	False
lab_0090	Halolassin	YKSGRGLELWLFLPRMV	core_4fee0c79bf	WP_068689555	3	0	False
lab_0091	Lihuanodin	GSKYSDTADESSYRW	core_b118f2bbff	WP_089970451	1	0	False
lab_0092	Microcin Y	GGRGHIAEYFSGPITQVSFYG	core_c2c7f4653f	EAT4894072	1	0	False
lab_0094	Novosphingonodin I	GPPGDRIEFGVLAQLPGLDRD	core_2cebe33b8b	WP_125955261	2	0	False
lab_0095	Novosphingonodin II	GQAIVELDVSGGNLRFLPGIAAE	core_7a52c0e44f	WP_168905530	1	0	False
lab_0096	Cloacaenodin	GHSVDRIPEYFGPPGLPGPVLFYS	core_18bdd45919	WP_046889164	3	0	False
lab_0097	Las-2	GMSGRIPDGFHGGRGF	core_864e550daf	WP_186368963	6	0	False
lab_0098	Las-6	GGWGTVPDWFFNMKW	core_3cc82a49f1	WP_042385006	1	0	False
lab_0099	Rubrinodin	GTIDPQNSEEHPVLSRRLEN	core_a7636c2c10	RVT50611	1	0	False
lab_0100	Shimazuellin I	GQGGSNNDDGWYHSK	core_9bb18c0757	WP_240873446	1	0	False
lab_0101	Paucinodin	GFPALEFAEENPVIPGRREP	core_ea6b4c2e21	BAL94043	1	0	False
lab_0103	Achromonodin-2	GGSGGIPEYFLYAPDPMGWKNPNVTKYG	core_31a8adf60c	WP_081954992	1	0	False
lab_0104	Las-1009	GWLWGSYRDVYGVWHGPRTNFNGAGGSSEWR	core_b1b33886ab	EID50708	1	0	False
lab_0106	Las-917	GLIYGKYRDVLSGARLVTPPEVALR	core_3bd5904077	EID50708	1	0	False
lab_0107	Las-995	GTSYGESLDATFPDGTPRGELTFSR	core_a32d008202	WP_004212597	18	0	False
lab_0108	Longipeptin A	GWWGANWDGPSGMRD	core_4f11c58424	WP_189061724	1	0	False
lab_0109	Nocapeptin A	GWYGSQWDGPTGQRD	core_482156743b	WP_082871451	2	0	False
lab_0110	Pseudomonassin	GVPGGGIIEGRYGVWSR	core_efbb2a3407	WP_128118890	2	0	False
lab_0111	Chlorolassin	GIGSQNPWDTAWLWD	core_9f214398f0	WP_090100307	1	0	False
lab_0112	Mycetolassin-15	GGSGQYREAGVGRFF	core_41ddd24613	WP_083705989	3	0	False
lab_0113	Mycetolassin-18	GGTGQYKEVGIGRFYDGA	core_ae7b90972e	WP_083705989	3	0	False
lab_0114	Unnamed	SKKSKPGDGKFGRGVKRG	core_973306d538	KUL11326	1	0	False
lab_0115	Sphingocin	GPGFINNDGVGGKLPFAGLSDD	core_5e6873424c	GGJ65058	1	0	False
lab_0116	Wygwalassin	WYGWASNDGEGTAII	core_1f05531a09	WP_030301601	1	0	False
