id	name	sequence	length	core	orientation	locus	source	added_at	input
curated_3bafb8fe7c|locus=curated_3bafb8fe7c|name=igta_cck25647.1|source=curated	IgtA CCK25647.1	MKKVYEAPTLVRLGSFRKQTGLLGRSGNDRLILSKN	36	LLGRSGNDRLILSKN	leader_core	curated_3bafb8fe7c	curated	2026-01-27T17:48:21.673356+00:00	data/lab_dataset/newlassos.txt
curated_5e0a124468|locus=curated_5e0a124468|name=triculamin_in_s._albus__actualy_m_would_be_pruned_as_tail_i_|source=curated	triculamin in S. albus | actualy M would be pruned as tail, i have no such logic yet.	MSKKSKPGDGIRGKGVRGRFMFMDETPEAEATTSIRDSLADLAETLESEARK	52	MSKKSKPGDGIRGKGVRGRF	leader_core	curated_5e0a124468	curated	2026-01-27T17:48:21.673356+00:00	data/lab_dataset/newlassos.txt
curated_4039dc41e8|locus=curated_4039dc41e8|name=streptacidin|source=curated	streptacidin	MTETTEQSNEYMAPALVEVGEFNEDTLGGWGTVPDWFFNMNW	42	GGWGTVPDWFFNMNW	leader_core	curated_4039dc41e8	curated	2026-01-27T17:48:21.673356+00:00	data/lab_dataset/newlassos.txt
curated_41a39324cf|locus=curated_41a39324cf|name=lpbgc_from_the_genome_of_streptomyces_sp._s17_lp2_lagmysin_b|source=curated	LP‐BGC from the genome of Streptomyces sp. S17 (LP2, lagmysin B);	MTYERPTLTKAGSFRKVTGIKNKGPKDVLGGKQLL	35	IKNKGPKDVLGGKQLL	leader_core	curated_41a39324cf	curated	2026-01-27T17:48:21.673356+00:00	data/lab_dataset/newlassos.txt
curated_e16767dcbc|locus=curated_e16767dcbc|name=lpbgc_from_streptomyces_sp._s16_lp4_lagmysin_a.|source=curated	LP‐BGC from Streptomyces sp. S16 (LP4, lagmysin A).	MAYERPTLTKVGDFQKVTGLAGQGSPDLLGGHSLL	35	LAGQGSPDLLGGHSLL	leader_core	curated_e16767dcbc	curated	2026-01-27T17:48:21.673356+00:00	data/lab_dataset/newlassos.txt
curated_2319fe158c|locus=curated_2319fe158c|name=trilenodin|source=curated	Trilenodin	MTNVVYSKPTIEKVAGFKESTKGLWTGKYTDVFGGRALIKIIIQT	45	GLWTGKYTDVFGGRALIKIIIQT	leader_core	curated_2319fe158c	curated	2026-01-27T17:48:21.673356+00:00	data/lab_dataset/newlassos.txt
curated_0005382166|locus=curated_0005382166|name=dlpa|source=curated	DlpA	MIEQTYEAPALVEVGDFAELTQMTCCGKWADSIWGYFFD	39	MTCCGKWADSIWGYFFD	leader_core	curated_0005382166	curated	2026-01-27T17:48:21.673356+00:00	data/lab_dataset/newlassos.txt
curated_030a4cbcbb|locus=curated_030a4cbcbb|name=metanodin|source=curated	Metanodin	MIIELGKVTEETKNPMHPFVTDNIQGDHGLNI	32	NPMHPFVTDNIQGDHGLNI	leader_core	curated_030a4cbcbb	curated	2026-01-27T17:48:21.673356+00:00	data/lab_dataset/newlassos.txt
curated_4eaa2ee489|locus=curated_4eaa2ee489|name=lipolasso_peptide|source=curated	lipolasso peptide	MQGNELQETDKLQTYEAPKMIECGSFQEDTGYFGLTGYENLFHFYDKLH	49	YFGLTGYENLFHFYDKLH	leader_core	curated_4eaa2ee489	curated	2026-01-27T17:48:21.673356+00:00	data/lab_dataset/newlassos.txt
curated_b261019b1d|locus=curated_b261019b1d|name=actinosynnelassin__alna|source=curated	actinosynnelassin | AlnA	MENAVEVYEAPCLVEIGDFAELTQLTNRGYWLDGPWGAWWF	41	LTNRGYWLDGPWGAWWF	leader_core	curated_b261019b1d	curated	2026-01-27T17:48:21.673356+00:00	data/lab_dataset/newlassos.txt
